name,clan,email
Ali,Sagaras,ali@sagaras.com
Raib,Bulan,raib@bulan.com
Seli,Matahari,seli@matahari.com
Ily,Matahari Minor,ily@matahariminor.com
Lumpu,Nebula,lumpu@nebula.com
Kosong,Nebula,kosong@nebula.com
